﻿Designator,Footprint,Quantity,Value,LCSC Part #
"C1, C2",0603,2,22uF,
"C10, C13, C14, C19, C22, C23, C24, C25, C26, C27, C28, C29, C30, C31, C5, C6, C7, C8",0603,18,100n,
"C11, C12, C17, C18, C20, C21",0603,6,4.7u,
"C15, C16",0603,2,15p,
"C3, C4",0603,2,47uF,
C9,0603,1,100nF,
D1,TSOT-23_HandSoldering,1,BAT54C,
D2,D_SOD-128,1,3.3-3.7V,
D3,D_SOD-128,1,5.1-5.7V,
"J1, J4, J5","PhoenixContact_MSTBA_2,5_3-G-5,08_1x03_P5.08mm_Horizontal",3,PxC 1757255,
J2,"PhoenixContact_MSTBA_2,5_2-G-5,08_1x02_P5.08mm_Horizontal",1,PxC 1757242,
J3,CONN_031-5431-10RFX_AMP,1,Conn_Coaxial,
J6,USB_B_Lumberg_2411_02_Horizontal,1,USB_B,
J7,SMA_Amphenol_901-143_Horizontal,1,Conn_Coaxial,
J8,PinHeader_1x02_P2.54mm_Vertical,1,Conn_01x02,
J9,PinHeader_1x03_P2.54mm_Vertical,1,Conn_01x03,
L1,AOTA-B201610S3R3-101-T,1,3.3u,
"L2, L3",1008,2,1uH,
R1,0603,1,0R,
"R10, R11, R12, R13, R15, R20, R21, R22, R23, R24, R25, R26, R27, R28, R29, R30, R31, R32, R9",0603,19,10k,
"R14, R17",0603,2,1k,
R16,0603,1,33R,
"R18, R19",0603,2,27R,
R2,0603,1,4.7k,
R3,0603,1,511k,
"R4, R6",0603,2,91k,
R5,0603,1,806k,
R7,0603,1,100R,
R8,0603,1,200k,
SW1,SW4_1825910-B_TEC,1,Tactile Pushbutton,
"U1, U3",Texas_DYY0016A_TSOT-23-16_2x4.2mm_P0.5mm,2,TMUX1309,
"U10, U9",IC_TPS631010YBGR,2,TPS631010YBGR,
U11,TSSOP-14_4.4x5mm_P0.65mm,1,LMV324,
"U12, U13",QFN16_4x4MC_MCH-M,2,MCP4651T-503E/ML,
U2,VSSOP-8_2.3x2mm_P0.5mm,1,LSF0102,
U4,Core1262,1,Core1262 HF,
U5,SOIC127P790X216-8N,1,MX25L3233FM2I-08Q,
U6,SOT-23-6,1,MCP3425Axx-xCH,
U7,SOIC_208MIL_WIN-M,1,W25Q128JVSIQ TR,
U8,RP2350-QFN-60-1EP_7x7_P0.4mm_EP3.4x3.4mm_ThermalVias,1,RP2350_60QFN,
Y1,ABM8-272-T3,1,ABM8-272-T3,
